Issue id,Duplicate id
13304868,13296897
13493686,13493451
13350793,13313031
13324135,13362507
13338114,13320897
13344658,13344315
13352901,13337479
13469509,13469701
13529273,13528847
13380399,13369341
13299426,13301873
13303531,13304768
13568947,"13600492, 13575709"
13301011,13300407
13594638,13592925
13302944,13302942
13368078,13368079
13302942,13302944
13313031,13350793
13435686,13476491
13320258,13336690
13393625,"13515190, 13383390"
